config,system,measurement,median_ms,p25_ms,p75_ms,mean_ms,n,per_feature_ms
config1,h3,overlap_gemeinde__PKT,40.91,40.4,41.26,40.86,5,
config1,h3,overlap_gemeinde__LIN,41.58,39.81,42.12,41.93,5,
config1,h3,overlap_gemeinde__PLY,38.86,35.17,39.37,37.72,5,
config1,h3,intersect_filtered__PKT,419.33,312.54,452.92,412.14,5,
config1,h3,intersect_filtered__LIN,620.85,612.29,654.33,638.19,5,
config1,h3,intersect_filtered__PLY,664.45,591.48,677.53,652.13,5,
config1,h3,intersect_plain__PKT,501.8,490.56,502.31,504.87,5,
config1,h3,intersect_plain__LIN,503.48,472.05,511.29,497.03,5,
config1,h3,intersect_plain__PLY,3886.01,490.87,4098.15,2735.96,5,
config1,h3,batch_overlap_gemeinde,118.62,110.96,121.68,117.08,3,5.931
config1,h3,batch_intersect_filtered,6379.23,6055.68,6568.49,6334.47,3,318.962
config1,geo,overlap_gemeinde__PKT,17.48,16.64,18.45,17.92,5,
config1,geo,overlap_gemeinde__LIN,20.51,17.18,20.56,20.34,5,
config1,geo,overlap_gemeinde__PLY,21.09,18.63,21.45,20.57,5,
config1,geo,intersect_filtered__PKT,406.98,394.69,408.05,410.66,5,
config1,geo,intersect_filtered__LIN,528.65,506.97,539.2,532.3,5,
config1,geo,intersect_filtered__PLY,630.55,605.96,652.44,633.19,5,
config1,geo,intersect_plain__PKT,21.01,17.74,23.49,21.36,5,
config1,geo,intersect_plain__LIN,22.41,19.88,22.8,22.76,5,
config1,geo,intersect_plain__PLY,23.25,20.49,23.34,23.32,5,
config1,geo,batch_overlap_gemeinde,70.79,67.9,73.7,70.8,3,3.54
config1,geo,batch_intersect_filtered,17566.14,11129.09,23756.72,17483.98,3,878.307
config1,geo_dwithin,overlap_gemeinde__PKT,41.55,39.32,41.67,40.87,5,
config1,geo_dwithin,overlap_gemeinde__LIN,20760.23,1660.16,39860.29,20760.23,2,
config1,geo_dwithin,overlap_gemeinde__PLY,47.99,45.43,49.21,47.95,5,
config1,geo_dwithin,intersect_filtered__PKT,152.89,151.02,153.12,152.83,5,
config1,geo_dwithin,intersect_filtered__LIN,116257.31,9068.69,223445.94,116257.31,2,
config1,geo_dwithin,intersect_filtered__PLY,13472.65,9349.03,17596.27,13472.65,2,
config1,geo_dwithin,intersect_plain__PKT,150.61,145.53,151.26,150.19,5,
config1,geo_dwithin,intersect_plain__LIN,115982.04,9191.44,222772.64,115982.04,2,
config1,geo_dwithin,intersect_plain__PLY,13357.69,9316.12,17399.27,13357.69,2,
config1,geo_dwithin,batch_overlap_gemeinde,44096.98,43932.54,44261.43,44096.98,2,2204.849
config1,geo_dwithin,batch_intersect_filtered,72891.55,72738.82,73044.28,72891.55,2,3644.578
config2,h3,overlap_gemeinde__PKT,12.92,12.35,13.05,12.98,5,
config2,h3,overlap_gemeinde__LIN,11.32,10.26,11.68,11.47,5,
config2,h3,overlap_gemeinde__PLY,11.22,10.5,13.84,12.05,5,
config2,h3,intersect_filtered__PKT,46.35,44.91,46.58,46.27,5,
config2,h3,intersect_filtered__LIN,47.29,44.53,48.86,47.28,5,
config2,h3,intersect_filtered__PLY,46.33,44.57,47.95,46.91,5,
config2,h3,intersect_plain__PKT,57.53,55.7,58.43,57.47,5,
config2,h3,intersect_plain__LIN,58.42,54.94,59.56,61.06,5,
config2,h3,intersect_plain__PLY,57.73,55.35,60.42,58.19,5,
config2,h3,batch_overlap_gemeinde,44.81,40.46,51.01,45.42,3,2.24
config2,h3,batch_intersect_filtered,45.35,42.15,46.51,44.67,3,2.268
config2,geo,overlap_gemeinde__PKT,17.01,16.03,17.99,17.63,5,
config2,geo,overlap_gemeinde__LIN,19.72,16.21,20.93,19.46,5,
config2,geo,overlap_gemeinde__PLY,18.73,16.87,23.12,20.2,5,
config2,geo,intersect_filtered__PKT,205.74,200.76,207.09,205.47,5,
config2,geo,intersect_filtered__LIN,210.41,202.93,213.68,209.82,5,
config2,geo,intersect_filtered__PLY,228.83,224.27,234.01,229.96,5,
config2,geo,intersect_plain__PKT,7.66,6.12,7.89,7.54,5,
config2,geo,intersect_plain__LIN,8.92,7.53,9.16,8.51,5,
config2,geo,intersect_plain__PLY,9.17,8.64,9.5,9.15,5,
config2,geo,batch_overlap_gemeinde,38.07,37.59,40.14,38.6,3,1.903
config2,geo,batch_intersect_filtered,6043.89,5851.57,6515.64,6137.03,3,302.195
config2,geo_dwithin,overlap_gemeinde__PKT,42.37,42.11,42.71,42.46,5,
config2,geo_dwithin,overlap_gemeinde__LIN,20930.62,1667.45,40193.79,20930.62,2,
config2,geo_dwithin,overlap_gemeinde__PLY,50.32,46.6,51.22,50.1,5,
config2,geo_dwithin,intersect_filtered__PKT,155.94,153.73,157.12,156.03,5,
config2,geo_dwithin,intersect_filtered__LIN,115339.97,9084.27,221595.67,115339.97,2,
config2,geo_dwithin,intersect_filtered__PLY,13330.52,9253.5,17407.53,13330.52,2,
config2,geo_dwithin,intersect_plain__PKT,153.69,150.12,155.84,153.77,5,
config2,geo_dwithin,intersect_plain__LIN,114897.58,8976.32,220818.83,114897.58,2,
config2,geo_dwithin,intersect_plain__PLY,13464.91,9339.1,17590.73,13464.91,2,
config2,geo_dwithin,batch_overlap_gemeinde,44414.46,44315.09,44513.83,44414.46,2,2220.723
config2,geo_dwithin,batch_intersect_filtered,73868.13,73752.46,73983.81,73868.13,2,3693.407
