model,eval_resolver,total,no_candidates,acc1,acc3,mrr,acc1_with_cand,acc3_with_cand,doc_accuracy,n_documents,correct_unambiguous,correct_ambiguous,unambiguous_total,ambiguous_total,acc1_ambiguous_only
M1_dguzh,E_d1,75741,8159,0.7834,0.8523,0.8213,0.8779,0.9552,0.7624,6323,43544,15788,43734,23848,0.6620
M2_distiluse_base,E_d1,75741,8159,0.8101,0.8622,0.8375,0.9079,0.9663,0.7903,6323,43544,17815,43734,23848,0.7470
M3_default_finetuned,E_d1,75741,8159,0.8299,0.8696,0.8510,0.9301,0.9746,0.8139,6323,43544,19316,43734,23848,0.8100
M4_spatial_config1,E_d1,75741,8159,0.8358,0.8680,0.8533,0.9367,0.9727,0.8211,6323,43544,19762,43734,23848,0.8287
M5_spatial_config2,E_d1,75741,8159,0.8438,0.8716,0.8592,0.9457,0.9769,0.8314,6323,43544,20370,43734,23848,0.8542
M5_spatial_config2,E_d1_s01,75741,8159,0.8456,0.8717,0.8601,0.9477,0.9770,0.8324,6323,43544,20506,43734,23848,0.8599
M5_spatial_config2,E_d1_s1,75741,8159,0.8441,0.8719,0.8592,0.9460,0.9771,0.8303,6323,43544,20386,43734,23848,0.8548
M5_spatial_config2,E_d1_c6,75741,8159,0.8311,0.8714,0.8525,0.9314,0.9766,0.8209,6323,43544,19405,43734,23848,0.8137
M5_spatial_config2,E_d1_c20,75741,8159,0.8496,0.8724,0.8622,0.9522,0.9777,0.8381,6323,43544,20809,43734,23848,0.8726
M5_spatial_config2,E_b1_c6,75741,8159,0.8348,0.8701,0.8536,0.9356,0.9752,0.8186,6323,43544,19687,43734,23848,0.8255
M5_spatial_config2,E_b1_c20,75741,8159,0.8359,0.8702,0.8545,0.9368,0.9752,0.8176,6323,43544,19770,43734,23848,0.8290
M4_spatial_config1,E_d1_s01,75741,8159,0.8374,0.8681,0.8541,0.9385,0.9729,0.8221,6323,43544,19881,43734,23848,0.8337
M4_spatial_config1,E_d1_s1,75741,8159,0.8372,0.8679,0.8540,0.9383,0.9727,0.8215,6323,43544,19869,43734,23848,0.8332
M4_spatial_config1,E_d1_c6,75741,8159,0.8169,0.8669,0.8434,0.9156,0.9715,0.8030,6323,43544,18332,43734,23848,0.7687
M4_spatial_config1,E_d1_c20,75741,8159,0.8485,0.8714,0.8610,0.9509,0.9767,0.8353,6323,43544,20719,43734,23848,0.8688
M4_spatial_config1,E_b1_c6,75741,8159,0.8252,0.8676,0.8474,0.9248,0.9724,0.8095,6323,43544,18955,43734,23848,0.7948
M4_spatial_config1,E_b1_c20,75741,8159,0.8343,0.8701,0.8534,0.9350,0.9752,0.8151,6323,43544,19646,43734,23848,0.8238
