,total,no_candidates,accuracy_at_1,accuracy_at_3,mrr,accuracy_at_1_with_candidates,accuracy_at_3_with_candidates,delta_acc1,delta_mrr
baseline_c1,75741.0,8159.0,0.840297857171149,0.8709681678351223,0.8568043009158341,0.9417448433014708,0.9761179012163002,0.0,0.0
no_dynamic,75741.0,8159.0,0.821166871311443,0.8673637791948878,0.8458352409994523,0.9203042230179633,0.9720783640614364,-0.019130985859706073,-0.010969059916381863
no_static,75741.0,8159.0,0.834052890772501,0.8714830804980129,0.8537826229134303,0.934745938267586,0.9766949779527093,-0.006244966398648022,-0.003021678002403827
uniform_b1,75741.0,8159.0,0.8275042579316354,0.8672581560845513,0.8488325969944012,0.9274067059276139,0.9719599893462756,-0.01279359923951362,-0.007971703921432982
assoc_0.001,75741.0,8159.0,0.840297857171149,0.8709681678351223,0.8568043009158341,0.9417448433014708,0.9761179012163002,0.0,0.0
assoc_0.01,75741.0,8159.0,0.8430044493735229,0.8723148624919133,0.858750356466614,0.9447781953774673,0.9776271788346009,0.002706592202373903,0.0019460555507798682
assoc_0.1,75741.0,8159.0,0.8223551313027291,0.8677070543034816,0.8465865667207094,0.9216359385635229,0.9724630818857092,-0.01794272586841994,-0.010217734195124728
max_slots_10,75741.0,8159.0,0.840297857171149,0.8709681678351223,0.8568043009158341,0.9417448433014708,0.9761179012163002,0.0,0.0
max_slots_5,75741.0,8159.0,0.8375516563023989,0.8712190227221717,0.855526638506156,0.9386671007072889,0.9763990411648072,-0.002746200868750104,-0.001277662409678193
max_slots_3,75741.0,8159.0,0.8351223247646585,0.8715094862755971,0.8544037580723582,0.9359444822585896,0.9767245716314995,-0.005175532406490491,-0.0024005428434759057
