Variante,Acc@1,Acc@3,MRR
baseline_c1,0.840297857171149,0.8709681678351223,0.8568043009158341
no_dynamic,0.821166871311443,0.8673637791948878,0.8458352409994523
no_static,0.834052890772501,0.8714830804980129,0.8537826229134303
uniform_b1,0.8275042579316354,0.8672581560845513,0.8488325969944012
assoc_0.001,0.840297857171149,0.8709681678351223,0.8568043009158341
assoc_0.01,0.8430044493735229,0.8723148624919133,0.858750356466614
assoc_0.1,0.8223551313027291,0.8677070543034816,0.8465865667207094
max_slots_10,0.840297857171149,0.8709681678351223,0.8568043009158341
max_slots_5,0.8375516563023989,0.8712190227221717,0.855526638506156
max_slots_3,0.8351223247646585,0.8715094862755971,0.8544037580723582
