model,eval_resolver,correct,correct_unambiguous,correct_ambiguous,unambiguous_total,ambiguous_total,acc1_ambiguous_only,wrong_rank,gold_not_in_candidates,no_candidate
M1_dguzh,E_default,46709,43544,3165,43734,23848,0.13271553170077155,20318,555,8159
M1_dguzh,E_c1,57527,43544,13983,43734,23848,0.5863384770211338,9500,555,8159
M1_dguzh,E_c2,51590,43544,8046,43734,23848,0.3373867829587387,15437,555,8159
M2_distiluse_base,E_default,53895,43544,10351,43734,23848,0.43404059040590404,13132,555,8159
M2_distiluse_base,E_c1,60705,43544,17161,43734,23848,0.7195991278094599,6322,555,8159
M2_distiluse_base,E_c2,56279,43544,12735,43734,23848,0.5340070446159007,10748,555,8159
M3_default_finetuned,E_default,62184,43544,18640,43734,23848,0.7816169070781617,4843,555,8159
M3_default_finetuned,E_c1,63374,43544,19830,43734,23848,0.8315162697081516,3653,555,8159
M3_default_finetuned,E_c2,60876,43544,17332,43734,23848,0.7267695404226769,6151,555,8159
M4_spatial_config1,E_default,55862,43544,12318,43734,23848,0.5165213015766521,11165,555,8159
M4_spatial_config1,E_c1,63386,43544,19842,43734,23848,0.832019456558202,3641,555,8159
M4_spatial_config1,E_c2,58491,43544,14947,43734,23848,0.6267611539751761,8536,555,8159
M5_spatial_config2,E_default,59297,43544,15753,43734,23848,0.6605585374035559,7730,555,8159
M5_spatial_config2,E_c1,63645,43544,20101,43734,23848,0.842879906071788,3382,555,8159
M5_spatial_config2,E_c2,61563,43544,18019,43734,23848,0.7555769875880577,5464,555,8159
