objektart,geometrie,n_korpus,anteil_korpus,n_gazetteer,acc1_M3_E_default,acc1_M4_E_c1,acc1_M5_E_c1,delta_best_vs_baseline,mrr_M5_E_c1,wrong_rank_M5_E_c1,no_candidate_rate,gold_not_in_candidates_rate
Alpiner Gipfel,Punkt,30465,0.40223,233,0.8461,0.8582,0.8603,0.0142,0.8627,0.0048,0.1349,0.0
Hauptgipfel,Punkt,21909,0.28926,2960,0.8308,0.8369,0.8442,0.0134,0.8554,0.0261,0.1286,0.0011
Massiv,Flaeche,9970,0.13163,67,0.9386,0.9545,0.9524,0.0137,0.9619,0.0193,0.0284,0.0
Gipfel,Punkt,5252,0.06934,2764,0.7629,0.7708,0.7968,0.0339,0.8266,0.0845,0.0802,0.0385
Grat,Flaeche,3165,0.04179,2528,0.7959,0.776,0.8218,0.0259,0.8562,0.0853,0.0926,0.0003
Tal,Flaeche,751,0.00992,3626,0.4607,0.5393,0.4274,-0.0333,0.5772,0.4234,0.1105,0.0386
Flurname swisstopo,Punkt,495,0.00654,259348,0.6869,0.699,0.6808,-0.0061,0.7637,0.2687,0.0303,0.0202
Abwasserreinigungsareal,Flaeche,443,0.00585,684,0.0,0.0,0.0,0.0,0.1458,0.614,0.0023,0.3837
Huegelzug,Flaeche,436,0.00576,40,0.1537,0.9495,0.8073,0.6537,0.8985,0.1927,0.0,0.0
Ort,Flaeche,408,0.00539,34104,0.8603,0.8873,0.902,0.0417,0.9167,0.0294,0.0245,0.0441
Landesgrenzstein,Punkt,326,0.0043,6869,0.954,0.9479,0.9479,-0.0061,0.9515,0.0337,0.0184,0.0
Haupthuegel,Punkt,287,0.00379,1352,0.7178,0.5784,0.6516,-0.0662,0.7397,0.2544,0.0836,0.0105
Landschaftsname,Flaeche,256,0.00338,100,0.582,0.6094,0.3828,-0.1992,0.5605,0.3555,0.1602,0.1016
Pass,Punkt,245,0.00323,2461,0.6245,0.7224,0.8286,0.2041,0.8977,0.1633,0.0082,0.0
Quartierteil,Flaeche,240,0.00317,18494,0.1083,0.125,0.1042,-0.0042,0.1979,0.7458,0.0542,0.0958
Lokalname swisstopo,Punkt,214,0.00283,18677,0.2477,0.5,0.3598,0.1121,0.5407,0.6402,0.0,0.0
Aussichtspunkt,Punkt,206,0.00272,91,0.0,0.0485,0.0,0.0,0.3979,0.8981,0.1019,0.0
Haltestelle Bahn,Punkt,177,0.00234,3156,0.1017,0.113,0.113,0.0113,0.3578,0.8249,0.0,0.0621
Gebiet,Flaeche,154,0.00203,3828,0.6169,0.9026,0.9091,0.2922,0.9297,0.0584,0.0325,0.0
Other,—,139,0.00184,,0.4173,0.4892,0.5036,0.0863,0.596,0.223,0.0144,0.259
Felskopf,Punkt,78,0.00103,253,0.9744,0.9744,0.9744,0.0,0.9744,0.0,0.0256,0.0
Uebrige Bahnen,Punkt,68,0.0009,1183,0.5,0.9118,0.5,0.0,0.7059,0.4118,0.0882,0.0
Sesselbahn,Linie,57,0.00075,365,0.7018,0.7018,0.7544,0.0526,0.807,0.1579,0.0877,0.0
