model,arm,containment_mode,max_resolution,acc1_ambiguous_only,acc1,acc3,mrr,doc_accuracy
M3,E_c2,center,10,0.7268,0.8037,0.8669,0.8361,0.7756
M3,E_c5,center,13,0.7756,0.8191,0.8698,0.8455,0.7906
M3,E_c3,overlap,11,0.8050,0.8284,0.8695,0.8501,0.8107
M3,E_c4,overlap,12,0.7846,0.8219,0.8684,0.8461,0.8014
M3,E_c1,overlap,13,0.8315,0.8367,0.8713,0.8550,0.8156
M4,E_c2,center,10,0.6268,0.7723,0.8541,0.8163,0.7440
M4,E_c5,center,13,0.7251,0.8032,0.8676,0.8364,0.7743
M4,E_c3,overlap,11,0.8182,0.8325,0.8685,0.8513,0.8146
M4,E_c4,overlap,12,0.7958,0.8255,0.8668,0.8468,0.8066
M4,E_c1,overlap,13,0.8320,0.8369,0.8691,0.8539,0.8190
M5,E_c2,center,10,0.7556,0.8128,0.8694,0.8419,0.7943
M5,E_c5,center,13,0.8034,0.8279,0.8695,0.8501,0.8021
M5,E_c3,overlap,11,0.8448,0.8409,0.8707,0.8570,0.8262
M5,E_c4,overlap,12,0.8257,0.8349,0.8694,0.8533,0.8161
M5,E_c1,overlap,13,0.8429,0.8403,0.8710,0.8568,0.8217
