objektart,n,no_candidate,no_candidate_rate,gold_not_in_candidates,gold_not_in_candidates_rate
Alpiner Gipfel,30465,4109,0.13487608731331036,1,3.282455276546857e-05
Hauptgipfel,21909,2817,0.12857729700123238,25,0.0011410835729608836
Massiv,9970,283,0.0283851554663992,0,0.0
Gipfel,5252,421,0.08015993907083016,202,0.038461538461538464
Grat,3165,293,0.09257503949447077,1,0.000315955766192733
Tal,751,83,0.11051930758988016,29,0.03861517976031957
Flurname swisstopo,495,15,0.030303030303030304,10,0.020202020202020204
Abwasserreinigungsareal,443,1,0.002257336343115124,170,0.3837471783295711
Huegelzug,436,0,0.0,0,0.0
Ort,408,10,0.024509803921568627,18,0.04411764705882353
Other,342,15,0.043859649122807015,36,0.10526315789473684
Landesgrenzstein,326,6,0.018404907975460124,0,0.0
Haupthuegel,287,24,0.08362369337979095,3,0.010452961672473868
Landschaftsname,256,41,0.16015625,26,0.1015625
Pass,245,2,0.00816326530612245,0,0.0
Quartierteil,240,13,0.05416666666666667,23,0.09583333333333334
Lokalname swisstopo,214,0,0.0,0,0.0
Aussichtspunkt,206,21,0.10194174757281553,0,0.0
Haltestelle Bahn,177,0,0.0,11,0.062146892655367235
Gebiet,154,5,0.032467532467532464,0,0.0
