model,eval_resolver,objektart,n,acc1,acc3,mrr,wrong_rank_rate
M1_dguzh,E_c1,Massiv,9970,0.9175526579739217,0.9697091273821464,0.9438534651573769,0.05406218655967904
M1_dguzh,E_c1,Alpiner Gipfel,30465,0.725324142458559,0.8392909896602658,0.7850183270419592,0.13976694567536518
M1_dguzh,E_c1,Hauptgipfel,21909,0.804783422337852,0.8514765621434114,0.8304313432178375,0.06549819708795472
M1_dguzh,E_c1,Gipfel,5252,0.6879284082254379,0.8029322162985529,0.7522288425774147,0.19345011424219344
M1_dguzh,E_c1,Gebiet,154,0.9025974025974026,0.9675324675324676,0.933982683982684,0.06493506493506493
M1_dguzh,E_c1,Abwasserreinigungsareal,443,0.0,0.21218961625282168,0.19036869826937566,0.6139954853273137
M1_dguzh,E_c1,Huegelzug,436,0.8463302752293578,1.0,0.9231651376146789,0.1536697247706422
M1_dguzh,E_c1,Grat,3165,0.7642969984202211,0.8638230647709321,0.8165130846169364,0.14281200631911534
M1_dguzh,E_c1,Flurname swisstopo,495,0.6909090909090909,0.8262626262626263,0.7481969988419344,0.2585858585858586
M1_dguzh,E_c1,Landesgrenzstein,326,0.9478527607361963,0.9539877300613497,0.951784176611275,0.03374233128834356
M1_dguzh,E_c1,Quartierteil,240,0.1375,0.25,0.22255834032038843,0.7125
M1_dguzh,E_c1,Tal,751,0.47270306258322237,0.6511318242343542,0.5926288757846698,0.3781624500665779
M1_dguzh,E_c1,Other,342,0.7573099415204678,0.8362573099415205,0.7989766081871345,0.0935672514619883
M1_dguzh,E_c1,Aussichtspunkt,206,0.11165048543689321,0.6019417475728155,0.36990291262135916,0.7864077669902912
M1_dguzh,E_c1,Lokalname swisstopo,214,0.32710280373831774,0.6355140186915887,0.5302143598872572,0.6728971962616822
M1_dguzh,E_c1,Haupthuegel,287,0.4634146341463415,0.7003484320557491,0.5877316936302533,0.4425087108013937
M1_dguzh,E_c1,Landschaftsname,256,0.11328125,0.73828125,0.42578125,0.625
M1_dguzh,E_c1,Ort,408,0.8725490196078431,0.928921568627451,0.9013480392156863,0.058823529411764705
M1_dguzh,E_c1,Pass,245,0.746938775510204,0.9591836734693877,0.8400453514739229,0.24489795918367346
M1_dguzh,E_c1,Haltestelle Bahn,177,0.1016949152542373,0.12429378531073447,0.3135593220338983,0.8361581920903954
M1_dguzh,E_c2,Massiv,9970,0.8946840521564694,0.964493480441324,0.9305752973205331,0.0769307923771314
M1_dguzh,E_c2,Alpiner Gipfel,30465,0.6143443295585098,0.7639258165107501,0.7086380936750377,0.2507467585754144
M1_dguzh,E_c2,Hauptgipfel,21909,0.738098498334018,0.824912136564882,0.786640333107833,0.13218312109178876
M1_dguzh,E_c2,Gipfel,5252,0.5913937547600914,0.7471439451637472,0.6811863391236186,0.28998476770754
M1_dguzh,E_c2,Gebiet,154,0.8636363636363636,0.935064935064935,0.9063852813852813,0.1038961038961039
M1_dguzh,E_c2,Abwasserreinigungsareal,443,0.08126410835214447,0.6139954853273137,0.34462001504890893,0.5327313769751693
M1_dguzh,E_c2,Huegelzug,436,0.7477064220183486,1.0,0.8738532110091743,0.25229357798165136
M1_dguzh,E_c2,Grat,3165,0.6755134281200632,0.7974723538704581,0.7484046543630296,0.2315955766192733
M1_dguzh,E_c2,Flurname swisstopo,495,0.6808080808080809,0.8303030303030303,0.7529507964897891,0.2686868686868687
M1_dguzh,E_c2,Landesgrenzstein,326,0.950920245398773,0.9539877300613497,0.9545673660786712,0.03067484662576687
M1_dguzh,E_c2,Quartierteil,240,0.11666666666666667,0.2125,0.1959662464497807,0.7333333333333333
M1_dguzh,E_c2,Tal,751,0.42609853528628494,0.6498002663115846,0.5674719421723431,0.4247669773635153
M1_dguzh,E_c2,Other,342,0.7514619883040936,0.8508771929824561,0.7962962962962964,0.09941520467836257
M1_dguzh,E_c2,Aussichtspunkt,206,0.4077669902912621,0.8398058252427184,0.5893203883495145,0.49029126213592233
M1_dguzh,E_c2,Lokalname swisstopo,214,0.308411214953271,0.5700934579439252,0.5001131137813383,0.6915887850467289
M1_dguzh,E_c2,Haupthuegel,287,0.3588850174216028,0.662020905923345,0.5186391096310732,0.5470383275261324
M1_dguzh,E_c2,Landschaftsname,256,0.3671875,0.73828125,0.552734375,0.37109375
M1_dguzh,E_c2,Ort,408,0.7401960784313726,0.8725490196078431,0.8164624183006536,0.19117647058823528
M1_dguzh,E_c2,Pass,245,0.5836734693877551,0.9346938775510204,0.7494684906929805,0.40816326530612246
M1_dguzh,E_c2,Haltestelle Bahn,177,0.0,0.3333333333333333,0.2801318267419964,0.9378531073446328
M1_dguzh,E_default,Massiv,9970,0.42978936810431295,0.9047141424272819,0.6719863993133799,0.5418254764292879
M1_dguzh,E_default,Alpiner Gipfel,30465,0.5981946495978993,0.7653700968324306,0.6976532138102897,0.26689643853602496
M1_dguzh,E_default,Hauptgipfel,21909,0.770916061892373,0.851020128714227,0.809707314346261,0.09936555753343375
M1_dguzh,E_default,Gipfel,5252,0.6262376237623762,0.7591393754760092,0.7034618013857609,0.25514089870525514
M1_dguzh,E_default,Gebiet,154,0.4675324675324675,0.9090909090909091,0.6922077922077919,0.5
M1_dguzh,E_default,Abwasserreinigungsareal,443,0.4469525959367946,0.5801354401805869,0.5135063957863056,0.1670428893905192
M1_dguzh,E_default,Huegelzug,436,0.0871559633027523,0.8990825688073395,0.46804281345565835,0.9128440366972477
M1_dguzh,E_default,Grat,3165,0.6451816745655609,0.771563981042654,0.7140389110172662,0.2619273301737757
M1_dguzh,E_default,Flurname swisstopo,495,0.7454545454545455,0.8363636363636363,0.7898155925225909,0.20404040404040405
M1_dguzh,E_default,Landesgrenzstein,326,0.9539877300613497,0.9570552147239264,0.9592222164939598,0.027607361963190184
M1_dguzh,E_default,Quartierteil,240,0.14583333333333334,0.25833333333333336,0.22540369300194935,0.7041666666666667
M1_dguzh,E_default,Tal,751,0.002663115845539281,0.6511318242343542,0.24991439984782207,0.848202396804261
M1_dguzh,E_default,Other,342,0.6549707602339181,0.8157894736842105,0.7326452705838672,0.195906432748538
M1_dguzh,E_default,Aussichtspunkt,206,0.1262135922330097,0.7815533980582524,0.3957928802588996,0.7718446601941747
M1_dguzh,E_default,Lokalname swisstopo,214,0.3364485981308411,0.5841121495327103,0.519616896602878,0.6635514018691588
M1_dguzh,E_default,Haupthuegel,287,0.45993031358885017,0.6933797909407665,0.5841117377594839,0.445993031358885
M1_dguzh,E_default,Landschaftsname,256,0.19921875,0.73828125,0.4251302083333332,0.5390625
M1_dguzh,E_default,Ort,408,0.7401960784313726,0.8333333333333334,0.8031045751633987,0.19117647058823528
M1_dguzh,E_default,Pass,245,0.5795918367346938,0.8693877551020408,0.728534322820037,0.4122448979591837
M1_dguzh,E_default,Haltestelle Bahn,177,0.02824858757062147,0.9378531073446328,0.3719397363465166,0.9096045197740112
M2_distiluse_base,E_c1,Massiv,9970,0.9326980942828486,0.9654964894684052,0.9495832736304156,0.03891675025075226
M2_distiluse_base,E_c1,Alpiner Gipfel,30465,0.8288856064336123,0.8601674052191038,0.8452249654169879,0.036205481700311834
M2_distiluse_base,E_c1,Hauptgipfel,21909,0.7823268976219818,0.8522981423159433,0.8175593896851193,0.08795472180382491
M2_distiluse_base,E_c1,Gipfel,5252,0.753046458492003,0.8406321401370906,0.7995031623624366,0.12833206397562832
M2_distiluse_base,E_c1,Gebiet,154,0.9090909090909091,0.9675324675324676,0.9350649350649353,0.05844155844155844
M2_distiluse_base,E_c1,Abwasserreinigungsareal,443,0.004514672686230248,0.25733634311512416,0.195146726862303,0.6094808126410836
M2_distiluse_base,E_c1,Huegelzug,436,0.8371559633027523,1.0,0.9178134556574923,0.1628440366972477
M2_distiluse_base,E_c1,Grat,3165,0.7832543443917851,0.8644549763033176,0.8271214151776859,0.12385466034755134
M2_distiluse_base,E_c1,Flurname swisstopo,495,0.5858585858585859,0.8262626262626263,0.7059871371917121,0.36363636363636365
M2_distiluse_base,E_c1,Landesgrenzstein,326,0.9539877300613497,0.9539877300613497,0.9549717554675775,0.027607361963190184
M2_distiluse_base,E_c1,Quartierteil,240,0.1125,0.24166666666666667,0.20923942722997413,0.7375
M2_distiluse_base,E_c1,Tal,751,0.4620505992010652,0.6524633821571239,0.5952602878701412,0.38881491344873503
M2_distiluse_base,E_c1,Other,342,0.7134502923976608,0.8333333333333334,0.7722709551656923,0.13742690058479531
M2_distiluse_base,E_c1,Aussichtspunkt,206,0.08737864077669903,0.6019417475728155,0.35517799352750806,0.8106796116504854
M2_distiluse_base,E_c1,Lokalname swisstopo,214,0.514018691588785,0.7476635514018691,0.6527965239207683,0.48598130841121495
M2_distiluse_base,E_c1,Haupthuegel,287,0.4738675958188153,0.7003484320557491,0.5969515220811499,0.43205574912891986
M2_distiluse_base,E_c1,Landschaftsname,256,0.1640625,0.73828125,0.4505208333333333,0.57421875
M2_distiluse_base,E_c1,Ort,408,0.8235294117647058,0.9215686274509803,0.8696895424836598,0.10784313725490197
M2_distiluse_base,E_c1,Pass,245,0.7673469387755102,0.9673469387755103,0.8688435374149659,0.22448979591836735
M2_distiluse_base,E_c1,Haltestelle Bahn,177,0.13559322033898305,0.3728813559322034,0.3587570621468928,0.8022598870056498
M2_distiluse_base,E_c2,Massiv,9970,0.8721163490471414,0.9472417251755266,0.9119465937495023,0.09949849548645938
M2_distiluse_base,E_c2,Alpiner Gipfel,30465,0.7697685869030034,0.8425406203840473,0.8088709526154134,0.09532250123092073
M2_distiluse_base,E_c2,Hauptgipfel,21909,0.7325300104979688,0.8212150257884887,0.7812959512197898,0.1377516089278379
M2_distiluse_base,E_c2,Gipfel,5252,0.638994668697639,0.7722772277227723,0.7157270077838587,0.24238385376999239
M2_distiluse_base,E_c2,Gebiet,154,0.8571428571428571,0.9285714285714286,0.9025974025974026,0.11038961038961038
M2_distiluse_base,E_c2,Abwasserreinigungsareal,443,0.011286681715575621,0.5981941309255079,0.2752445447705036,0.6027088036117382
M2_distiluse_base,E_c2,Huegelzug,436,0.7018348623853211,0.9977064220183486,0.8419342507645258,0.2981651376146789
M2_distiluse_base,E_c2,Grat,3165,0.6928909952606636,0.8085308056872038,0.7599459068232033,0.21421800947867298
M2_distiluse_base,E_c2,Flurname swisstopo,495,0.7494949494949495,0.8606060606060606,0.8131668787591944,0.2
M2_distiluse_base,E_c2,Landesgrenzstein,326,0.9539877300613497,0.9539877300613497,0.9557467263349763,0.027607361963190184
M2_distiluse_base,E_c2,Quartierteil,240,0.1125,0.20416666666666666,0.1870700035092983,0.7375
M2_distiluse_base,E_c2,Tal,751,0.4380825565912117,0.6551264980026631,0.576824551391795,0.41278295605858856
M2_distiluse_base,E_c2,Other,342,0.716374269005848,0.8508771929824561,0.7797270955165694,0.13450292397660818
M2_distiluse_base,E_c2,Aussichtspunkt,206,0.24757281553398058,0.7330097087378641,0.4846278317152104,0.6504854368932039
M2_distiluse_base,E_c2,Lokalname swisstopo,214,0.37850467289719625,0.6121495327102804,0.5371549141408959,0.6214953271028038
M2_distiluse_base,E_c2,Haupthuegel,287,0.3797909407665505,0.7003484320557491,0.543544029638919,0.5261324041811847
M2_distiluse_base,E_c2,Landschaftsname,256,0.28125,0.73828125,0.5091145833333333,0.45703125
M2_distiluse_base,E_c2,Ort,408,0.7818627450980392,0.8774509803921569,0.8390581232492996,0.14950980392156862
M2_distiluse_base,E_c2,Pass,245,0.6816326530612244,0.9551020408163265,0.8122060252672499,0.31020408163265306
M2_distiluse_base,E_c2,Haltestelle Bahn,177,0.05649717514124294,0.519774011299435,0.33239171374764614,0.8813559322033898
M2_distiluse_base,E_default,Massiv,9970,0.5840521564694082,0.9138415245737211,0.7542555516477278,0.3875626880641926
M2_distiluse_base,E_default,Alpiner Gipfel,30465,0.785360249466601,0.844411619891679,0.816562461737251,0.07973083866732315
M2_distiluse_base,E_default,Hauptgipfel,21909,0.7464968734310101,0.8321694280889133,0.7919365031254121,0.12378474599479666
M2_distiluse_base,E_default,Gipfel,5252,0.6250952018278751,0.7846534653465347,0.70911605365597,0.2562833206397563
M2_distiluse_base,E_default,Gebiet,154,0.7727272727272727,0.9285714285714286,0.8568181818181817,0.19480519480519481
M2_distiluse_base,E_default,Abwasserreinigungsareal,443,0.1489841986455982,0.3115124153498871,0.28724604966139977,0.4650112866817156
M2_distiluse_base,E_default,Huegelzug,436,0.11238532110091744,0.6399082568807339,0.4106269113149837,0.8876146788990825
M2_distiluse_base,E_default,Grat,3165,0.6890995260663507,0.831911532385466,0.7635278917943417,0.21800947867298578
M2_distiluse_base,E_default,Flurname swisstopo,495,0.696969696969697,0.8343434343434344,0.7734905984743026,0.25252525252525254
M2_distiluse_base,E_default,Landesgrenzstein,326,0.9539877300613497,0.9601226993865031,0.9586400835607521,0.027607361963190184
M2_distiluse_base,E_default,Quartierteil,240,0.19166666666666668,0.23333333333333334,0.25975709131724317,0.6583333333333333
M2_distiluse_base,E_default,Tal,751,0.2822902796271638,0.6910785619174434,0.5062963667490956,0.5685752330226365
M2_distiluse_base,E_default,Other,342,0.6666666666666666,0.8304093567251462,0.7408382066276807,0.18421052631578946
M2_distiluse_base,E_default,Aussichtspunkt,206,0.3446601941747573,0.7087378640776699,0.5439320388349516,0.5533980582524272
M2_distiluse_base,E_default,Lokalname swisstopo,214,0.27102803738317754,0.35046728971962615,0.39179555210052036,0.7289719626168224
M2_distiluse_base,E_default,Haupthuegel,287,0.5052264808362369,0.7142857142857143,0.6158275704645553,0.40069686411149824
M2_distiluse_base,E_default,Landschaftsname,256,0.53515625,0.73828125,0.6334635416666667,0.203125
M2_distiluse_base,E_default,Ort,408,0.7867647058823529,0.8504901960784313,0.8326563958916902,0.14460784313725492
M2_distiluse_base,E_default,Pass,245,0.6612244897959184,0.8857142857142857,0.7802991452991451,0.3306122448979592
M2_distiluse_base,E_default,Haltestelle Bahn,177,0.3220338983050847,0.7231638418079096,0.5433145009416194,0.615819209039548
M3_default_finetuned,E_c1,Massiv,9970,0.9528585757271816,0.9715145436308926,0.9620862587763288,0.018756268806419257
M3_default_finetuned,E_c1,Alpiner Gipfel,30465,0.8552437223042836,0.8639750533398982,0.8595872703258219,0.009847365829640572
M3_default_finetuned,E_c1,Hauptgipfel,21909,0.8348623853211009,0.8673148021361085,0.850333717983394,0.03541923410470583
M3_default_finetuned,E_c1,Gipfel,5252,0.7955064737242955,0.857006854531607,0.8273095578788656,0.08587204874333587
M3_default_finetuned,E_c1,Gebiet,154,0.9155844155844156,0.9675324675324676,0.9393939393939393,0.05194805194805195
M3_default_finetuned,E_c1,Abwasserreinigungsareal,443,0.0,0.0835214446952596,0.14695259593679522,0.6139954853273137
M3_default_finetuned,E_c1,Huegelzug,436,0.7912844036697247,0.9908256880733946,0.8914373088685016,0.20871559633027523
M3_default_finetuned,E_c1,Grat,3165,0.8303317535545024,0.8903633491311217,0.862300458560316,0.07677725118483412
M3_default_finetuned,E_c1,Flurname swisstopo,495,0.6646464646464646,0.8242424242424242,0.7507240240431922,0.28484848484848485
M3_default_finetuned,E_c1,Landesgrenzstein,326,0.9478527607361963,0.9539877300613497,0.9522482638911723,0.03374233128834356
M3_default_finetuned,E_c1,Quartierteil,240,0.11666666666666667,0.22916666666666666,0.22849691310486475,0.7333333333333333
M3_default_finetuned,E_c1,Tal,751,0.46870838881491345,0.6937416777629827,0.6069145900703813,0.3821571238348868
M3_default_finetuned,E_c1,Other,342,0.7309941520467836,0.8508771929824561,0.787524366471735,0.11988304093567251
M3_default_finetuned,E_c1,Aussichtspunkt,206,0.11650485436893204,0.8640776699029126,0.48317152103559863,0.7815533980582524
M3_default_finetuned,E_c1,Lokalname swisstopo,214,0.48598130841121495,0.7336448598130841,0.6356348869199336,0.514018691588785
M3_default_finetuned,E_c1,Haupthuegel,287,0.6376306620209059,0.7491289198606271,0.7022735362330168,0.2682926829268293
M3_default_finetuned,E_c1,Landschaftsname,256,0.37109375,0.73828125,0.5546875,0.3671875
M3_default_finetuned,E_c1,Ort,408,0.8946078431372549,0.9313725490196079,0.9125816993464052,0.03676470588235294
M3_default_finetuned,E_c1,Pass,245,0.726530612244898,0.926530612244898,0.8284062196307094,0.2653061224489796
M3_default_finetuned,E_c1,Haltestelle Bahn,177,0.10734463276836158,0.6384180790960452,0.360169491525424,0.8305084745762712
M3_default_finetuned,E_c2,Massiv,9970,0.9582748244734203,0.9715145436308926,0.9646639919759277,0.013340020060180542
M3_default_finetuned,E_c2,Alpiner Gipfel,30465,0.8118496635483341,0.8624651239126867,0.8372140551608785,0.05324142458559002
M3_default_finetuned,E_c2,Hauptgipfel,21909,0.7943767401524487,0.8613811675567119,0.8266122440530933,0.07590487927335798
M3_default_finetuned,E_c2,Gipfel,5252,0.7244859101294745,0.8168316831683168,0.7767832148265145,0.1568926123381569
M3_default_finetuned,E_c2,Gebiet,154,0.8636363636363636,0.935064935064935,0.9063852813852813,0.1038961038961039
M3_default_finetuned,E_c2,Abwasserreinigungsareal,443,0.0,0.11286681715575621,0.15101580135440246,0.6139954853273137
M3_default_finetuned,E_c2,Huegelzug,436,0.8509174311926605,1.0,0.9212538226299692,0.14908256880733944
M3_default_finetuned,E_c2,Grat,3165,0.8025276461295419,0.8834123222748815,0.8448714664321894,0.10458135860979463
M3_default_finetuned,E_c2,Flurname swisstopo,495,0.694949494949495,0.8323232323232324,0.7659728540017788,0.2545454545454545
M3_default_finetuned,E_c2,Landesgrenzstein,326,0.9478527607361963,0.9601226993865031,0.955247992253562,0.03374233128834356
M3_default_finetuned,E_c2,Quartierteil,240,0.11666666666666667,0.22083333333333333,0.21440252345918104,0.7333333333333333
M3_default_finetuned,E_c2,Tal,751,0.4633821571238349,0.7430093209054593,0.6055481580115394,0.38748335552596536
M3_default_finetuned,E_c2,Other,342,0.7485380116959064,0.8508771929824561,0.7987329434697855,0.1023391812865497
M3_default_finetuned,E_c2,Aussichtspunkt,206,0.49029126213592233,0.8883495145631068,0.6868932038834952,0.4077669902912621
M3_default_finetuned,E_c2,Lokalname swisstopo,214,0.5560747663551402,0.7616822429906542,0.6847047852950459,0.4439252336448598
M3_default_finetuned,E_c2,Haupthuegel,287,0.6445993031358885,0.7317073170731707,0.7001064404798283,0.2613240418118467
M3_default_finetuned,E_c2,Landschaftsname,256,0.40625,0.73828125,0.572265625,0.33203125
M3_default_finetuned,E_c2,Ort,408,0.8504901960784313,0.8995098039215687,0.879207516339869,0.08088235294117647
M3_default_finetuned,E_c2,Pass,245,0.7428571428571429,0.9387755102040817,0.8342812969343584,0.24897959183673468
M3_default_finetuned,E_c2,Haltestelle Bahn,177,0.07344632768361582,0.8192090395480226,0.3573446327683621,0.864406779661017
M3_default_finetuned,E_default,Massiv,9970,0.9386158475426278,0.9660982948846539,0.9531504035917281,0.03299899699097292
M3_default_finetuned,E_default,Alpiner Gipfel,30465,0.8460528475299524,0.864664368947973,0.8551080474861862,0.01903824060397177
M3_default_finetuned,E_default,Hauptgipfel,21909,0.8308001278013601,0.864439271532247,0.8474385508226574,0.03948149162444657
M3_default_finetuned,E_default,Gipfel,5252,0.7629474485910129,0.8408225437928408,0.8062954528177866,0.11843107387661843
M3_default_finetuned,E_default,Gebiet,154,0.6168831168831169,0.9545454545454546,0.7867965367965367,0.35064935064935066
M3_default_finetuned,E_default,Abwasserreinigungsareal,443,0.0,0.07900677200902935,0.14612490594431965,0.6139954853273137
M3_default_finetuned,E_default,Huegelzug,436,0.1536697247706422,0.9862385321100917,0.5530581039755357,0.8463302752293578
M3_default_finetuned,E_default,Grat,3165,0.7958925750394945,0.8707740916271722,0.8389531588889048,0.11121642969984202
M3_default_finetuned,E_default,Flurname swisstopo,495,0.6868686868686869,0.8101010101010101,0.7589087363931606,0.26262626262626265
M3_default_finetuned,E_default,Landesgrenzstein,326,0.9539877300613497,0.9539877300613497,0.9553452856788747,0.027607361963190184
M3_default_finetuned,E_default,Quartierteil,240,0.10833333333333334,0.20833333333333334,0.20826981847788875,0.7416666666666667
M3_default_finetuned,E_default,Tal,751,0.4607190412782956,0.8095872170439414,0.6281434278105372,0.39014647137150466
M3_default_finetuned,E_default,Other,342,0.6081871345029239,0.8333333333333334,0.7144249512670569,0.24269005847953215
M3_default_finetuned,E_default,Aussichtspunkt,206,0.0,0.7815533980582524,0.39741100323624584,0.8980582524271845
M3_default_finetuned,E_default,Lokalname swisstopo,214,0.24766355140186916,0.4252336448598131,0.3965642769008559,0.7523364485981309
M3_default_finetuned,E_default,Haupthuegel,287,0.7177700348432056,0.8153310104529616,0.773589824809337,0.18815331010452963
M3_default_finetuned,E_default,Landschaftsname,256,0.58203125,0.73828125,0.66015625,0.15625
M3_default_finetuned,E_default,Ort,408,0.8602941176470589,0.9117647058823529,0.8894607843137255,0.07107843137254902
M3_default_finetuned,E_default,Pass,245,0.6244897959183674,0.9591836734693877,0.7831000971817298,0.3673469387755102
M3_default_finetuned,E_default,Haltestelle Bahn,177,0.1016949152542373,0.8361581920903954,0.3757062146892662,0.8361581920903954
M4_spatial_config1,E_c1,Massiv,9970,0.9544633901705115,0.9716148445336008,0.963022400534938,0.017151454363089267
M4_spatial_config1,E_c1,Alpiner Gipfel,30465,0.8581651075004103,0.8650910881339242,0.8616226270583731,0.006925980633513868
M4_spatial_config1,E_c1,Hauptgipfel,21909,0.8368706924095121,0.8673604454790269,0.8511277729876435,0.033410927016294674
M4_spatial_config1,E_c1,Gipfel,5252,0.7707539984767707,0.8297791317593298,0.8058067510084156,0.11062452399086062
M4_spatial_config1,E_c1,Gebiet,154,0.9025974025974026,0.935064935064935,0.9247835497835497,0.06493506493506493
M4_spatial_config1,E_c1,Abwasserreinigungsareal,443,0.0,0.07674943566591422,0.14627539503386064,0.6139954853273137
M4_spatial_config1,E_c1,Huegelzug,436,0.9495412844036697,0.9977064220183486,0.9738149847094802,0.05045871559633028
M4_spatial_config1,E_c1,Grat,3165,0.7759873617693522,0.8903633491311217,0.8251365168523371,0.13112164296998421
M4_spatial_config1,E_c1,Flurname swisstopo,495,0.6989898989898989,0.8121212121212121,0.7669627357008216,0.2505050505050505
M4_spatial_config1,E_c1,Landesgrenzstein,326,0.9478527607361963,0.9539877300613497,0.9514841638717927,0.03374233128834356
M4_spatial_config1,E_c1,Quartierteil,240,0.125,0.21666666666666667,0.20429358992082977,0.725
M4_spatial_config1,E_c1,Tal,751,0.5392809587217043,0.6471371504660453,0.6234290786887353,0.31158455392809586
M4_spatial_config1,E_c1,Other,342,0.7192982456140351,0.8391812865497076,0.7797270955165693,0.13157894736842105
M4_spatial_config1,E_c1,Aussichtspunkt,206,0.04854368932038835,0.8737864077669902,0.43818770226537207,0.8495145631067961
M4_spatial_config1,E_c1,Lokalname swisstopo,214,0.5,0.6915887850467289,0.6235395705021874,0.5
M4_spatial_config1,E_c1,Haupthuegel,287,0.578397212543554,0.7038327526132404,0.6546236816117886,0.32752613240418116
M4_spatial_config1,E_c1,Landschaftsname,256,0.609375,0.73828125,0.673828125,0.12890625
M4_spatial_config1,E_c1,Ort,408,0.8872549019607843,0.9313725490196079,0.90890522875817,0.04411764705882353
M4_spatial_config1,E_c1,Pass,245,0.7224489795918367,0.9102040816326531,0.8290136054421767,0.2693877551020408
M4_spatial_config1,E_c1,Haltestelle Bahn,177,0.11299435028248588,0.7627118644067796,0.37523540489642243,0.8248587570621468
M4_spatial_config1,E_c2,Massiv,9970,0.9486459378134403,0.9714142427281846,0.9600083584085589,0.02296890672016048
M4_spatial_config1,E_c2,Alpiner Gipfel,30465,0.7649433776464796,0.8614475627769571,0.8134876087313306,0.10014771048744461
M4_spatial_config1,E_c2,Hauptgipfel,21909,0.7776712766443015,0.844310557305217,0.8134649942989978,0.09261034278150532
M4_spatial_config1,E_c2,Gipfel,5252,0.6681264280274182,0.7789413556740289,0.7332602531780515,0.21325209444021326
M4_spatial_config1,E_c2,Gebiet,154,0.9090909090909091,0.9285714285714286,0.9285714285714286,0.05844155844155844
M4_spatial_config1,E_c2,Abwasserreinigungsareal,443,0.0,0.09255079006772009,0.1501881113619269,0.6139954853273137
M4_spatial_config1,E_c2,Huegelzug,436,0.9908256880733946,1.0,0.9954128440366973,0.009174311926605505
M4_spatial_config1,E_c2,Grat,3165,0.7216429699842022,0.7949447077409163,0.7767535388240124,0.1854660347551343
M4_spatial_config1,E_c2,Flurname swisstopo,495,0.7191919191919192,0.8323232323232324,0.7839526035192834,0.23030303030303031
M4_spatial_config1,E_c2,Landesgrenzstein,326,0.9478527607361963,0.9539877300613497,0.9518420570485275,0.03374233128834356
M4_spatial_config1,E_c2,Quartierteil,240,0.1,0.19583333333333333,0.17927280295777107,0.75
M4_spatial_config1,E_c2,Tal,751,0.48868175765645805,0.6684420772303595,0.6049014013061956,0.3621837549933422
M4_spatial_config1,E_c2,Other,342,0.7280701754385965,0.8304093567251462,0.7811403508771931,0.12280701754385964
M4_spatial_config1,E_c2,Aussichtspunkt,206,0.3058252427184466,0.883495145631068,0.5934466019417475,0.5922330097087378
M4_spatial_config1,E_c2,Lokalname swisstopo,214,0.5560747663551402,0.6822429906542056,0.6545801680147477,0.4439252336448598
M4_spatial_config1,E_c2,Haupthuegel,287,0.5679442508710801,0.7038327526132404,0.6445683946149877,0.33797909407665505
M4_spatial_config1,E_c2,Landschaftsname,256,0.6328125,0.73828125,0.685546875,0.10546875
M4_spatial_config1,E_c2,Ort,408,0.8553921568627451,0.9264705882352942,0.888888888888889,0.07598039215686274
M4_spatial_config1,E_c2,Pass,245,0.6,0.8979591836734694,0.7555864770150486,0.39183673469387753
M4_spatial_config1,E_c2,Haltestelle Bahn,177,0.1016949152542373,0.9209039548022598,0.3808851224105469,0.8361581920903954
M4_spatial_config1,E_default,Massiv,9970,0.6575727181544634,0.9142427281845537,0.7920676676494118,0.3140421263791374
M4_spatial_config1,E_default,Alpiner Gipfel,30465,0.7859510914163794,0.8628261939931069,0.8231620985830703,0.07913999671754472
M4_spatial_config1,E_default,Hauptgipfel,21909,0.8014058149618878,0.8554931763202337,0.8284643544829216,0.06887580446391894
M4_spatial_config1,E_default,Gipfel,5252,0.6399466869763899,0.7842726580350343,0.7193619951193452,0.24143183549124142
M4_spatial_config1,E_default,Gebiet,154,0.474025974025974,0.9285714285714286,0.7045454545454546,0.4935064935064935
M4_spatial_config1,E_default,Abwasserreinigungsareal,443,0.0,0.07900677200902935,0.14612490594431965,0.6139954853273137
M4_spatial_config1,E_default,Huegelzug,436,0.3555045871559633,0.8646788990825688,0.6139908256880736,0.6444954128440367
M4_spatial_config1,E_default,Grat,3165,0.6758293838862559,0.8420221169036335,0.7632583715936448,0.23127962085308057
M4_spatial_config1,E_default,Flurname swisstopo,495,0.7070707070707071,0.8343434343434344,0.7757689138163067,0.24242424242424243
M4_spatial_config1,E_default,Landesgrenzstein,326,0.9539877300613497,0.9539877300613497,0.9544911809144512,0.027607361963190184
M4_spatial_config1,E_default,Quartierteil,240,0.1875,0.225,0.2353709625976145,0.6625
M4_spatial_config1,E_default,Tal,751,0.237017310252996,0.6524633821571239,0.4758227125737122,0.6138482023968043
M4_spatial_config1,E_default,Other,342,0.6374269005847953,0.827485380116959,0.7251461988304096,0.2134502923976608
M4_spatial_config1,E_default,Aussichtspunkt,206,0.3155339805825243,0.8689320388349514,0.5868932038834951,0.5825242718446602
M4_spatial_config1,E_default,Lokalname swisstopo,214,0.29439252336448596,0.4252336448598131,0.4216447963833024,0.705607476635514
M4_spatial_config1,E_default,Haupthuegel,287,0.5087108013937283,0.7073170731707317,0.6194068568780404,0.397212543554007
M4_spatial_config1,E_default,Landschaftsname,256,0.7109375,0.73828125,0.724609375,0.02734375
M4_spatial_config1,E_default,Ort,408,0.7916666666666666,0.875,0.8404411764705884,0.13970588235294118
M4_spatial_config1,E_default,Pass,245,0.673469387755102,0.8612244897959184,0.7797959183673471,0.3183673469387755
M4_spatial_config1,E_default,Haltestelle Bahn,177,0.1694915254237288,0.9152542372881356,0.43032015065913415,0.768361581920904
M5_spatial_config2,E_c1,Massiv,9970,0.9523570712136409,0.9715145436308926,0.9619274490137077,0.01925777331995988
M5_spatial_config2,E_c1,Alpiner Gipfel,30465,0.8602658788774002,0.8650254390283932,0.8626620712292795,0.00482520925652388
M5_spatial_config2,E_c1,Hauptgipfel,21909,0.8442192706193802,0.867999452279885,0.8553678398981687,0.026062348806426584
M5_spatial_config2,E_c1,Gipfel,5252,0.7968392993145469,0.8514851485148515,0.82661132871529,0.08453922315308454
M5_spatial_config2,E_c1,Gebiet,154,0.9090909090909091,0.9545454545454546,0.9296536796536797,0.05844155844155844
M5_spatial_config2,E_c1,Abwasserreinigungsareal,443,0.0,0.07674943566591422,0.14582392776523762,0.6139954853273137
M5_spatial_config2,E_c1,Huegelzug,436,0.8073394495412844,0.9931192660550459,0.8985091743119265,0.1926605504587156
M5_spatial_config2,E_c1,Grat,3165,0.8218009478672986,0.89826224328594,0.8562124830158268,0.08530805687203792
M5_spatial_config2,E_c1,Flurname swisstopo,495,0.6808080808080809,0.8121212121212121,0.7636925928984675,0.2686868686868687
M5_spatial_config2,E_c1,Landesgrenzstein,326,0.9478527607361963,0.9539877300613497,0.9515323697649353,0.03374233128834356
M5_spatial_config2,E_c1,Quartierteil,240,0.10416666666666667,0.20833333333333334,0.19789231369786559,0.7458333333333333
M5_spatial_config2,E_c1,Tal,751,0.4274300932090546,0.6484687083888149,0.5771859742565456,0.4234354194407457
M5_spatial_config2,E_c1,Other,342,0.652046783625731,0.8157894736842105,0.739327485380117,0.19883040935672514
M5_spatial_config2,E_c1,Aussichtspunkt,206,0.0,0.8398058252427184,0.39789644012944964,0.8980582524271845
M5_spatial_config2,E_c1,Lokalname swisstopo,214,0.3598130841121495,0.6682242990654206,0.5406559432260368,0.6401869158878505
M5_spatial_config2,E_c1,Haupthuegel,287,0.6515679442508711,0.8048780487804879,0.7396809442976688,0.25435540069686413
M5_spatial_config2,E_c1,Landschaftsname,256,0.3828125,0.73828125,0.560546875,0.35546875
M5_spatial_config2,E_c1,Ort,408,0.9019607843137255,0.9313725490196079,0.9166666666666666,0.029411764705882353
M5_spatial_config2,E_c1,Pass,245,0.8285714285714286,0.963265306122449,0.8976530612244897,0.16326530612244897
M5_spatial_config2,E_c1,Haltestelle Bahn,177,0.11299435028248588,0.576271186440678,0.3578154425612056,0.8248587570621468
M5_spatial_config2,E_c2,Massiv,9970,0.9627883650952859,0.9715145436308926,0.9671430959545302,0.008826479438314945
M5_spatial_config2,E_c2,Alpiner Gipfel,30465,0.8092565238798621,0.864172000656491,0.8366254015146178,0.05583456425406204
M5_spatial_config2,E_c2,Hauptgipfel,21909,0.8202108722442831,0.8622940344150806,0.8415352676208072,0.05007074718152357
M5_spatial_config2,E_c2,Gipfel,5252,0.7452399086062452,0.8212109672505712,0.7907746595534709,0.13613861386138615
M5_spatial_config2,E_c2,Gebiet,154,0.9025974025974026,0.9545454545454546,0.9285714285714287,0.06493506493506493
M5_spatial_config2,E_c2,Abwasserreinigungsareal,443,0.0,0.345372460496614,0.18239277652370256,0.6139954853273137
M5_spatial_config2,E_c2,Huegelzug,436,0.9151376146788991,1.0,0.9560397553516817,0.08486238532110092
M5_spatial_config2,E_c2,Grat,3165,0.7889415481832543,0.8900473933649289,0.837498551343157,0.11816745655608214
M5_spatial_config2,E_c2,Flurname swisstopo,495,0.7090909090909091,0.8262626262626263,0.775830302551155,0.2404040404040404
M5_spatial_config2,E_c2,Landesgrenzstein,326,0.9478527607361963,0.9539877300613497,0.9525761048150354,0.03374233128834356
M5_spatial_config2,E_c2,Quartierteil,240,0.09583333333333334,0.19166666666666668,0.1798214043850357,0.7541666666666667
M5_spatial_config2,E_c2,Tal,751,0.5419440745672437,0.6857523302263648,0.6425274237524564,0.30892143808255657
M5_spatial_config2,E_c2,Other,342,0.7339181286549707,0.8216374269005848,0.7809001670843777,0.11695906432748537
M5_spatial_config2,E_c2,Aussichtspunkt,206,0.1553398058252427,0.8786407766990292,0.5178802588996764,0.7427184466019418
M5_spatial_config2,E_c2,Lokalname swisstopo,214,0.5887850467289719,0.6728971962616822,0.6627463585373152,0.411214953271028
M5_spatial_config2,E_c2,Haupthuegel,287,0.6689895470383276,0.7770034843205574,0.739127406814918,0.23693379790940766
M5_spatial_config2,E_c2,Landschaftsname,256,0.4453125,0.73828125,0.591796875,0.29296875
M5_spatial_config2,E_c2,Ort,408,0.9019607843137255,0.9313725490196079,0.9154411764705882,0.029411764705882353
M5_spatial_config2,E_c2,Pass,245,0.8326530612244898,0.9591836734693877,0.8969732308507821,0.15918367346938775
M5_spatial_config2,E_c2,Haltestelle Bahn,177,0.07909604519774012,0.9265536723163842,0.37005649717514194,0.8587570621468926
M5_spatial_config2,E_default,Massiv,9970,0.7634904714142428,0.9167502507522568,0.8476644218369389,0.20812437311935808
M5_spatial_config2,E_default,Alpiner Gipfel,30465,0.8343016576399147,0.8643689479730838,0.84874446085672,0.03078943049400952
M5_spatial_config2,E_default,Hauptgipfel,21909,0.8226756127618787,0.8599205805833219,0.8415352317614131,0.047606006663928065
M5_spatial_config2,E_default,Gipfel,5252,0.7090632140137091,0.8286367098248286,0.770702988134612,0.17231530845392232
M5_spatial_config2,E_default,Gebiet,154,0.4935064935064935,0.9545454545454546,0.7229437229437228,0.474025974025974
M5_spatial_config2,E_default,Abwasserreinigungsareal,443,0.0,0.07674943566591422,0.14582392776523762,0.6139954853273137
M5_spatial_config2,E_default,Huegelzug,436,0.4059633027522936,0.7752293577981652,0.6172400611620794,0.5940366972477065
M5_spatial_config2,E_default,Grat,3165,0.74913112164297,0.8802527646129542,0.8156885463715249,0.1579778830963665
M5_spatial_config2,E_default,Flurname swisstopo,495,0.703030303030303,0.8424242424242424,0.7803426511780244,0.24646464646464647
M5_spatial_config2,E_default,Landesgrenzstein,326,0.9539877300613497,0.9539877300613497,0.95457319091405,0.027607361963190184
M5_spatial_config2,E_default,Quartierteil,240,0.18333333333333332,0.1875,0.2214818614158153,0.6666666666666666
M5_spatial_config2,E_default,Tal,751,0.28761651131824234,0.7563249001331558,0.5278802866019908,0.563249001331558
M5_spatial_config2,E_default,Other,342,0.6198830409356725,0.8011695906432749,0.7072124756335285,0.2309941520467836
M5_spatial_config2,E_default,Aussichtspunkt,206,0.19902912621359223,0.8689320388349514,0.5130258899676372,0.6990291262135923
M5_spatial_config2,E_default,Lokalname swisstopo,214,0.2570093457943925,0.32242990654205606,0.3619950841461361,0.7429906542056075
M5_spatial_config2,E_default,Haupthuegel,287,0.5435540069686411,0.7909407665505227,0.680269994176532,0.3623693379790941
M5_spatial_config2,E_default,Landschaftsname,256,0.0234375,0.73828125,0.380859375,0.71484375
M5_spatial_config2,E_default,Ort,408,0.8112745098039216,0.8799019607843137,0.8546160130718953,0.12009803921568628
M5_spatial_config2,E_default,Pass,245,0.6285714285714286,0.9020408163265307,0.7694283947345175,0.363265306122449
M5_spatial_config2,E_default,Haltestelle Bahn,177,0.12429378531073447,0.9265536723163842,0.3983050847457634,0.8135593220338984
