,M1+E_default,M1+E_c1,M1+E_c2,M2+E_default,M2+E_c1,M2+E_c2,M3+E_default,M3+E_c1,M3+E_c2,M4+E_default,M4+E_c1,M4+E_c2,M5+E_default,M5+E_c1,M5+E_c2
Alpiner Gipfel  (n=30 465 · gaz. 233),-0.2479,-0.1207,-0.2317,-0.0607,-0.0172,-0.0763,0.0,0.0092,-0.0342,-0.0601,0.0121,-0.0811,-0.0118,0.0142,-0.0368
Hauptgipfel  (n=21 909 · gaz. 2 960),-0.0599,-0.026,-0.0927,-0.0843,-0.0485,-0.0983,0.0,0.0041,-0.0364,-0.0294,0.0061,-0.0531,-0.0081,0.0134,-0.0106
Massiv  (n=9 970 · gaz. 67),-0.5088,-0.0211,-0.0439,-0.3546,-0.0059,-0.0665,0.0,0.0142,0.0197,-0.281,0.0158,0.01,-0.1751,0.0137,0.0242
Gipfel  (n=5 252 · gaz. 2 764),-0.1367,-0.075,-0.1716,-0.1379,-0.0099,-0.124,0.0,0.0326,-0.0385,-0.123,0.0078,-0.0948,-0.0539,0.0339,-0.0177
Grat  (n=3 165 · gaz. 2 528),-0.1507,-0.0316,-0.1204,-0.1068,-0.0126,-0.103,0.0,0.0344,0.0066,-0.1201,-0.0199,-0.0742,-0.0468,0.0259,-0.007
Tal  (n=751 · gaz. 3 626),-0.4581,0.012,-0.0346,-0.1784,0.0013,-0.0226,0.0,0.008,0.0027,-0.2237,0.0786,0.028,-0.1731,-0.0333,0.0812
Flurname swisstopo  (n=495 · gaz. 259 348),0.0586,0.004,-0.0061,0.0101,-0.101,0.0626,0.0,-0.0222,0.0081,0.0202,0.0121,0.0323,0.0162,-0.0061,0.0222
Abwasserreinigungsareal  (n=443 · gaz. 684),0.447,0.0,0.0813,0.149,0.0045,0.0113,0.0,0.0,0.0,0.0,0.0,0.0,0.0,0.0,0.0
Hügelzug  (n=436 · gaz. 40),-0.0665,0.6927,0.594,-0.0413,0.6835,0.5482,0.0,0.6376,0.6972,0.2018,0.7959,0.8372,0.2523,0.6537,0.7615
Ort  (n=408 · gaz. 34 104),-0.1201,0.0123,-0.1201,-0.0735,-0.0368,-0.0784,0.0,0.0343,-0.0098,-0.0686,0.027,-0.0049,-0.049,0.0417,0.0417
Landesgrenzstein  (n=326 · gaz. 6 869),0.0,-0.0061,-0.0031,0.0,0.0,0.0,0.0,-0.0061,-0.0061,0.0,-0.0061,-0.0061,0.0,-0.0061,-0.0061
Haupthügel  (n=287 · gaz. 1 352),-0.2578,-0.2544,-0.3589,-0.2125,-0.2439,-0.338,0.0,-0.0801,-0.0732,-0.2091,-0.1394,-0.1498,-0.1742,-0.0662,-0.0488
Landschaftsname  (n=256 · gaz. 100),-0.3828,-0.4688,-0.2148,-0.0469,-0.418,-0.3008,0.0,-0.2109,-0.1758,0.1289,0.0273,0.0508,-0.5586,-0.1992,-0.1367
Pass  (n=245 · gaz. 2 461),-0.0449,0.1224,-0.0408,0.0367,0.1429,0.0571,0.0,0.102,0.1184,0.049,0.098,-0.0245,0.0041,0.2041,0.2082
Quartierteil  (n=240 · gaz. 18 494),0.0375,0.0292,0.0083,0.0833,0.0042,0.0042,0.0,0.0083,0.0083,0.0792,0.0167,-0.0083,0.075,-0.0042,-0.0125
Lokalname swisstopo  (n=214 · gaz. 18 677),0.0888,0.0794,0.0607,0.0234,0.2664,0.1308,0.0,0.2383,0.3084,0.0467,0.2523,0.3084,0.0093,0.1121,0.3411
Aussichtspunkt  (n=206 · gaz. 91),0.1262,0.1117,0.4078,0.3447,0.0874,0.2476,0.0,0.1165,0.4903,0.3155,0.0485,0.3058,0.199,0.0,0.1553
Haltestelle Bahn  (n=177 · gaz. 3 156),-0.0734,0.0,-0.1017,0.2203,0.0339,-0.0452,0.0,0.0056,-0.0282,0.0678,0.0113,0.0,0.0226,0.0113,-0.0226
Gebiet  (n=154 · gaz. 3 828),-0.1494,0.2857,0.2468,0.1558,0.2922,0.2403,0.0,0.2987,0.2468,-0.1429,0.2857,0.2922,-0.1234,0.2922,0.2857
Other  (n=342),0.0468,0.1491,0.1433,0.0585,0.1053,0.1082,0.0,0.1228,0.1404,0.0292,0.1111,0.1199,0.0117,0.0439,0.1257
