model,geo,h3,acc1_geo,acc1_h3,delta_acc1,mrr_geo,mrr_h3,delta_mrr
M1_dguzh,E_c1_geo,E_c1_h3,0.7624633431085044,0.7565982404692082,0.0059,0.8168668249313411,0.812106722780347,0.0048
M1_dguzh,E_c2_geo,E_c2_h3,0.7096774193548387,0.7165200391006843,-0.0068,0.7828067541777219,0.7825645517930063,0.0002
M2_distiluse_base,E_c1_geo,E_c1_h3,0.7947214076246334,0.7966764418377321,-0.002,0.8347086255317624,0.8356385152084077,-0.0009
M2_distiluse_base,E_c2_geo,E_c2_h3,0.7487781036168133,0.7409579667644184,0.0078,0.8060387641032802,0.7988511990344835,0.0072
M3_default_finetuned,E_c1_geo,E_c1_h3,0.8289345063538612,0.8260019550342131,0.0029,0.8541778588268152,0.8524690007967997,0.0017
M3_default_finetuned,E_c2_geo,E_c2_h3,0.804496578690127,0.8005865102639296,0.0039,0.8399239321013514,0.8362266467105177,0.0037
M4_spatial_config1,E_c1_geo,E_c1_h3,0.8396871945259042,0.8377321603128055,0.002,0.859102934102934,0.8579743795787939,0.0011
M4_spatial_config1,E_c2_geo,E_c2_h3,0.7927663734115347,0.7800586510263929,0.0127,0.8297039131716551,0.8220402954273922,0.0077
M5_spatial_config2,E_c1_geo,E_c1_h3,0.8289345063538612,0.8269794721407625,0.002,0.8543103849555462,0.853319291222517,0.001
M5_spatial_config2,E_c2_geo,E_c2_h3,0.8162267839687195,0.8220918866080157,-0.0059,0.8474483700290152,0.8492102282424863,-0.0018
